year,pollutant,season,emission_Gg,baseline,emission_index
2003,BC,Annual,17.57250768987842,3.8851986412311965,452.29367434118626
2003,BC,Autumn,0.9523935657385543,1.5647903637589522,60.863971800715
2003,BC,Spring,15.992360156980812,1.944419644268937,822.4747267966231
2004,BC,Annual,7.7676957294894144,3.8851986412311965,199.930465512257
2004,BC,Autumn,7.192396072357312,1.5647903637589522,459.6395938354118
2004,BC,Spring,0.3860459746365547,1.944419644268937,19.854046207278486
2005,BC,Annual,2.2701877946185665,3.8851986412311965,58.43170463735047
2005,BC,Autumn,1.2779101403491653,1.5647903637589522,81.66653948963229
2005,BC,Spring,0.827621711678844,1.944419644268937,42.563945191471944
2006,BC,Annual,4.4895937953064795,3.8851986412311965,115.55635142206664
2006,BC,Autumn,0.49290214552046485,1.5647903637589522,31.499564218711782
2006,BC,Spring,3.5613938932294253,1.944419644268937,183.15973631136805
2007,BC,Annual,1.918568673846496,3.8851986412311965,49.38148215861913
2007,BC,Autumn,0.8612794042326789,1.5647903637589522,55.04120067327782
2007,BC,Spring,0.4958026626894977,1.944419644268937,25.49874787322001
2008,BC,Annual,3.9167827738873258,3.8851986412311965,100.81293482194053
2008,BC,Autumn,1.1877007931397146,1.5647903637589522,75.9015917177947
2008,BC,Spring,2.2624788090632664,1.944419644268937,116.3575371053152
2009,BC,Annual,3.5685612422954915,3.8851986412311965,91.85016190483985
2009,BC,Autumn,1.732418470487213,1.5647903637589522,110.71249610239056
2009,BC,Spring,1.493043689092837,1.944419644268937,76.78608336906572
2010,BC,Annual,3.358190131216162,3.8851986412311965,86.43548094498385
2010,BC,Autumn,2.193287084501335,1.5647903637589522,140.1649150773528
2010,BC,Spring,0.7914431740786856,1.944419644268937,40.703310955092334
2011,BC,Annual,3.382823433047637,3.8851986412311965,87.06951035007158
2011,BC,Autumn,2.416546345238015,1.5647903637589522,154.43259373306515
2011,BC,Spring,0.6107175339783404,1.944419644268937,31.40873091764911
2012,BC,Annual,2.95256148077578,3.8851986412311965,75.99512286043965
2012,BC,Autumn,0.3020473293410215,1.5647903637589522,19.302734496360326
2012,BC,Spring,2.178623576311667,1.944419644268937,112.04492727344287
2013,BC,Annual,2.330045536316702,3.8851986412311965,59.972365674933016
2013,BC,Autumn,1.385453587717586,1.5647903637589522,88.53924588271607
2013,BC,Spring,0.7963475902357072,1.944419644268937,40.95554128877967
2014,BC,Annual,3.2986631539491285,3.8851986412311965,84.90333335707648
2014,BC,Autumn,1.7516382878268977,1.5647903637589522,111.94076397678587
2014,BC,Spring,1.107583204295829,1.944419644268937,56.962148451871776
2015,BC,Annual,5.923564023528942,3.8851986412311965,152.46489486189566
2015,BC,Autumn,2.665285835593662,1.5647903637589522,170.32862019875245
2015,BC,Spring,2.82262530928547,1.944419644268937,145.16543882926675
2016,BC,Annual,4.110833003174058,3.8851986412311965,105.80753734309344
2016,BC,Autumn,1.3680320454846244,1.5647903637589522,87.42589915995691
2016,BC,Spring,2.274489526709837,1.944419644268937,116.97523903411292
2017,BC,Annual,4.69552464964257,3.8851986412311965,120.85674590256177
2017,BC,Autumn,1.916285096589922,1.5647903637589522,122.46273628542845
2017,BC,Spring,2.486848658775112,1.944419644268937,127.89670512252601
2018,BC,Annual,3.4914439060803533,3.8851986412311965,89.86526117423782
2018,BC,Autumn,1.2232172547431102,1.5647903637589522,78.17131822084382
2018,BC,Spring,1.8596675150780024,1.944419644268937,95.64126347721611
2019,BC,Annual,4.716349300182644,3.8851986412311965,121.39274553766602
2019,BC,Autumn,1.1609758023976986,1.5647903637589522,74.19369580017052
2019,BC,Spring,2.104734179209591,1.944419644268937,108.24485266918443
2020,BC,Annual,3.0442763068467498,3.8851986412311965,78.3557441449644
2020,BC,Autumn,0.7006212070091475,1.5647903637589522,44.77412586604314
2020,BC,Spring,2.062600118388932,1.944419644268937,106.07793047495304
2021,BC,Annual,2.366976175224776,3.8851986412311965,60.922912669265614
2021,BC,Autumn,0.609149926913592,1.5647903637589522,38.92853260230253
2021,BC,Spring,1.5360298555691645,1.944419644268937,78.9968286988111
2022,BC,Annual,3.398201665053306,3.8851986412311965,87.46532619954885
2022,BC,Autumn,1.7453929659007563,1.5647903637589522,111.54164841020359
2022,BC,Spring,1.4950206173037957,1.944419644268937,76.88775525953368
2023,BC,Annual,2.7906040997146917,3.8851986412311965,71.82654884359698
2023,BC,Autumn,1.1089568084535433,1.5647903637589522,70.86935311830513
2023,BC,Spring,1.4848423957307975,1.944419644268937,76.36429718796987
2024,BC,Annual,4.03826738660178,3.8851986412311965,103.93979200306929
2024,BC,Autumn,1.250862702967937,1.5647903637589522,79.93803719260542
2024,BC,Spring,2.318097447616539,1.944419644268937,119.21796071383024
2003,CO,Annual,3204.3220647019843,675.3999807247859,474.4332478753345
2003,CO,Autumn,158.88393539081645,278.85713202503956,56.97682330626197
2003,CO,Spring,2938.346265011546,337.28316107221525,871.1808367991489
2004,CO,Annual,1311.9937833286494,675.3999807247859,194.2543412454234
2004,CO,Autumn,1218.5966156519528,278.85713202503956,436.99675414524836
2004,CO,Spring,63.662194780917446,337.28316107221525,18.8749994451359
2005,CO,Annual,387.3702077985644,675.3999807247859,57.3541929010524
2005,CO,Autumn,226.1684908875838,278.85713202503956,81.10550705487259
2005,CO,Spring,134.13121598721042,337.28316107221525,39.768132971954614
2006,CO,Annual,803.0566865175418,675.3999807247859,118.90090456558274
2006,CO,Autumn,80.3417500214129,278.85713202503956,28.81107950798215
2006,CO,Spring,649.9937927952992,337.28316107221525,192.71456977839753
2007,CO,Annual,308.8031600731846,675.3999807247859,45.72152337668139
2007,CO,Autumn,139.57387684095403,278.85713202503956,50.052109417958576
2007,CO,Spring,81.96049089178712,337.28316107221525,24.30020242671963
2008,CO,Annual,664.935719161829,675.3999807247859,98.45065711258572
2008,CO,Autumn,200.13819719917808,278.85713202503956,71.77087268515943
2008,CO,Spring,392.90006399732664,337.28316107221525,116.48967672987484
2009,CO,Annual,601.733256706877,675.3999807247859,89.09287442696466
2009,CO,Autumn,296.1106688381225,278.85713202503956,106.18723167945858
2009,CO,Spring,256.5678824113143,337.28316107221525,76.06898654403352
2010,CO,Annual,554.754645321645,675.3999807247859,82.13720182910372
2010,CO,Autumn,361.4008389191552,278.85713202503956,129.60071571226794
2010,CO,Spring,129.99309782303368,337.28316107221525,38.5412356222554
2011,CO,Annual,567.7843398989286,675.3999807247859,84.06638378781523
2011,CO,Autumn,416.1858134254349,278.85713202503956,149.24696757910573
2011,CO,Spring,99.25268667835158,337.28316107221525,29.427109957944424
2012,CO,Annual,502.54999188002836,675.3999807247859,74.4077592866869
2012,CO,Autumn,49.997220502680555,278.85713202503956,17.929331819345805
2012,CO,Spring,379.02617193383554,337.28316107221525,112.37625107904002
2013,CO,Annual,396.9935349011805,675.3999807247859,58.77902668507014
2013,CO,Autumn,242.02466493409528,278.85713202503956,86.79163526373894
2013,CO,Spring,131.90674811183956,337.28316107221525,39.108607643652036
2014,CO,Annual,573.6923393007197,675.3999807247859,84.94112461849323
2014,CO,Autumn,325.40407350905184,278.85713202503956,116.69203909040873
2014,CO,Spring,180.88000447167846,337.28316107221525,53.62853096391328
2015,CO,Annual,1030.9341313151708,675.3999807247859,152.64053312658578
2015,CO,Autumn,476.9471988835279,278.85713202503956,171.03639968609485
2015,CO,Spring,488.10286348095025,337.28316107221525,144.71604865457343
2016,CO,Annual,706.775540021499,675.3999807247859,104.6454782635681
2016,CO,Autumn,232.1725190920926,278.85713202503956,83.25859102332196
2016,CO,Spring,397.36648508033386,337.28316107221525,117.81391155642491
2017,CO,Annual,841.4543469301166,675.3999807247859,124.58607801959577
2017,CO,Autumn,346.59711522878905,278.85713202503956,124.29200311708968
2017,CO,Spring,446.4166933546536,337.28316107221525,132.3566501023963
2018,CO,Annual,601.6232946249838,675.3999807247859,89.07659339571926
2018,CO,Autumn,213.54400827802422,278.85713202503956,76.5782846317337
2018,CO,Spring,319.1967257603018,337.28316107221525,94.63761094552805
2019,CO,Annual,806.2420992143051,675.3999807247859,119.3725380846339
2019,CO,Autumn,194.95645359428227,278.85713202503956,69.91266537761582
2019,CO,Spring,356.8280591172336,337.28316107221525,105.79480398098902
2020,CO,Annual,534.4541500574944,675.3999807247859,79.13150211878308
2020,CO,Autumn,115.80066084279146,278.85713202503956,41.52687793991703
2020,CO,Spring,371.0002114661382,337.28316107221525,109.9966598648854
2021,CO,Annual,428.3277478715347,675.3999807247859,63.41838319448681
2021,CO,Autumn,107.47193379151287,278.85713202503956,38.540141688706235
2021,CO,Spring,283.89711007550636,337.28316107221525,84.1717413857852
2022,CO,Annual,599.7997309818668,675.3999807247859,88.80659580982059
2022,CO,Autumn,304.9071112924604,278.85713202503956,109.34169374770795
2022,CO,Spring,268.85897825675124,337.28316107221525,79.71313403315328
2023,CO,Annual,497.37906407049917,675.3999807247859,73.64214958027556
2023,CO,Autumn,190.45534447781242,278.85713202503956,68.29853807027993
2023,CO,Spring,275.4128540032188,337.28316107221525,81.65627158132882
2024,CO,Annual,738.6832598703421,675.3999807247859,109.36974843819888
2024,CO,Autumn,232.9497679152189,278.85713202503956,83.53731755883565
2024,CO,Spring,431.6663662944847,337.28316107221525,127.9833730572933
2003,NOx,Annual,103.30906795326749,20.347470982142998,507.72436556824107
2003,NOx,Autumn,5.12971900902386,8.377936464793914,61.228907984444156
2003,NOx,Spring,94.71286450318034,10.10141803497181,937.6194923849091
2004,NOx,Annual,42.85944176741317,20.347470982142998,210.63768467848783
2004,NOx,Autumn,39.92764943268017,8.377936464793914,476.58095284519845
2004,NOx,Spring,1.977634199660082,10.10141803497181,19.577787918620686
2005,NOx,Annual,12.400391412720083,20.347470982142998,60.94315811337293
2005,NOx,Autumn,7.249767154407493,8.377936464793914,86.53404313666907
2005,NOx,Spring,4.282995538963095,10.10141803497181,42.39994349441898
2006,NOx,Annual,25.850274045095414,20.347470982142998,127.04416223412578
2006,NOx,Autumn,2.5634330495292557,8.377936464793914,30.597427663738113
2006,NOx,Spring,20.91192414707316,10.10141803497181,207.01968847021902
2007,NOx,Annual,9.881566644683952,20.347470982142998,48.56410240543429
2007,NOx,Autumn,4.462185287148568,8.377936464793914,53.26114975805479
2007,NOx,Spring,2.5738325396594424,10.10141803497181,25.479913124559893
2008,NOx,Annual,21.2430967628112,20.347470982142998,104.4016565078491
2008,NOx,Autumn,6.415696775160077,8.377936464793914,76.57848447670096
2008,NOx,Spring,12.493430059595662,10.10141803497181,123.6799627175367
2009,NOx,Annual,19.17561788180252,20.347470982142998,94.24079237479242
2009,NOx,Autumn,9.544181367672737,8.377936464793914,113.9204314544478
2009,NOx,Spring,7.995391468755899,10.10141803497181,79.15117898373573
2010,NOx,Annual,17.76759438370182,20.347470982142998,87.32089800887154
2010,NOx,Autumn,11.6760860084263,8.377936464793914,139.36708708035678
2010,NOx,Spring,4.043387024325322,10.10141803497181,40.02791499497235
2011,NOx,Annual,17.91316502175896,20.347470982142998,88.03632174966415
2011,NOx,Autumn,13.111992579446328,8.377936464793914,156.50623079497018
2011,NOx,Spring,3.0897882115930715,10.10141803497181,30.587667997661423
2012,NOx,Annual,15.750650401084307,20.347470982142998,77.40839347999132
2012,NOx,Autumn,1.5340575195740689,8.377936464793914,18.310684570365797
2012,NOx,Spring,11.873490328626078,10.10141803497181,117.54280723279871
2013,NOx,Annual,12.495267977410784,20.347470982142998,61.409439966159276
2013,NOx,Autumn,7.6769331832918475,8.377936464793914,91.632745313266
2013,NOx,Spring,4.084458288699335,10.10141803497181,40.43450409198647
2014,NOx,Annual,16.87930882909523,20.347470982142998,82.95531589114226
2014,NOx,Autumn,9.194211572748554,8.377936464793914,109.7431522832003
2014,NOx,Spring,5.536185663731312,10.10141803497181,54.80602470430046
2015,NOx,Annual,31.301156200785613,20.347470982142998,153.83315316314054
2015,NOx,Autumn,14.369735351620538,8.377936464793914,171.5187911964431
2015,NOx,Spring,14.773282438246898,10.10141803497181,146.24958978136308
2016,NOx,Annual,20.938003224563623,20.347470982142998,102.902239019969
2016,NOx,Autumn,7.070862737549152,8.377936464793914,84.39861972291868
2016,NOx,Spring,11.507839912172116,10.10141803497181,113.92301429691531
2017,NOx,Annual,24.72043925991842,20.347470982142998,121.49145847959757
2017,NOx,Autumn,10.421818423979316,8.377936464793914,124.39600691380606
2017,NOx,Spring,12.833251578355114,10.10141803497181,127.04405989263594
2018,NOx,Annual,18.52769760620895,20.347470982142998,91.05651322697014
2018,NOx,Autumn,6.934454193874914,8.377936464793914,82.77043187203846
2018,NOx,Spring,9.500041021910755,10.10141803497181,94.04660800118315
2019,NOx,Annual,24.65547601340275,20.347470982142998,121.17218908944739
2019,NOx,Autumn,6.2976471329161035,8.377936464793914,75.16943055584532
2019,NOx,Spring,11.039315032272313,10.10141803497181,109.28480530212134
2020,NOx,Annual,15.729811160594583,20.347470982142998,77.3059766218569
2020,NOx,Autumn,3.756675580768361,8.377936464793914,44.84010587278631
2020,NOx,Spring,10.530289074397341,10.10141803497181,104.24565182770134
2021,NOx,Annual,12.497581383189063,20.347470982142998,61.42080946647855
2021,NOx,Autumn,3.452746519586237,8.377936464793914,41.212374122142144
2021,NOx,Spring,7.926845938212988,10.10141803497181,78.47260563585922
2022,NOx,Annual,18.20468153726581,20.347470982142998,89.46901338865302
2022,NOx,Autumn,9.62728153557598,8.377936464793914,114.91232448505801
2022,NOx,Spring,7.775338577192815,10.10141803497181,76.97274333439181
2023,NOx,Annual,14.757282989691811,20.347470982142998,72.52637442089411
2023,NOx,Autumn,6.137345488013458,8.377936464793914,73.25605193837464
2023,NOx,Spring,7.6377754946431,10.10141803497181,75.61092381486037
2024,NOx,Annual,21.154544490738243,20.347470982142998,103.96645612274634
2024,NOx,Autumn,6.711030222408035,8.377936464793914,80.10361800437833
2024,NOx,Spring,12.076929741250726,10.10141803497181,119.55677608271986
2003,OC,Annual,264.1404236619133,39.783499502956964,663.9446679201278
2003,OC,Autumn,11.211999338006798,17.18175164518495,65.25527530337033
2003,OC,Spring,244.95908344663223,19.2828592814103,1270.3462690452022
2004,OC,Annual,98.95001446724108,39.783499502956964,248.7212429863956
2004,OC,Autumn,93.40583555517347,17.18175164518495,543.6339523703319
2004,OC,Spring,3.757316853461221,19.2828592814103,19.48526823033695
2005,OC,Annual,27.718846811531566,39.783499502956964,69.6742296626553
2005,OC,Autumn,17.40240317960512,17.18175164518495,101.28422025284021
2005,OC,Spring,8.514892671844677,19.2828592814103,44.157832340007204
2006,OC,Annual,63.8160955468809,39.783499502956964,160.40845160476061
2006,OC,Autumn,5.151885223632765,17.18175164518495,29.984633290148505
2006,OC,Spring,53.2991048689795,19.2828592814103,276.40664743305297
2007,OC,Annual,19.45768554368781,39.783499502956964,48.908934072633784
2007,OC,Autumn,8.902249469930245,17.18175164518495,51.812234594981064
2007,OC,Spring,5.090687272316494,19.2828592814103,26.400064420032287
2008,OC,Annual,46.75809890460084,39.783499502956964,117.53138735602052
2008,OC,Autumn,14.038844255336608,17.18175164518495,81.70787557199317
2008,OC,Spring,28.397171932423266,19.2828592814103,147.26639611895965
2009,OC,Annual,41.34603117017239,39.783499502956964,103.92758728301237
2009,OC,Autumn,21.786087854784583,17.18175164518495,126.79782774586876
2009,OC,Spring,16.85155638864282,19.2828592814103,87.39137771382595
2010,OC,Annual,37.202431949488656,39.783499502956964,93.51221590429351
2010,OC,Autumn,24.92095454959772,17.18175164518495,145.0431542966786
2010,OC,Spring,7.638369665967124,19.2828592814103,39.61222531624715
2011,OC,Annual,37.17921793513342,39.783499502956964,93.45386504364713
2011,OC,Autumn,28.615725205649504,17.18175164518495,166.5471937703676
2011,OC,Spring,5.698643995632022,19.2828592814103,29.552899352046907
2012,OC,Annual,33.06050381733347,39.783499502956964,83.10104498191819
2012,OC,Autumn,2.8237244596086533,17.18175164518495,16.434438804148236
2012,OC,Spring,26.04384512905962,19.2828592814103,135.0621541597167
2013,OC,Annual,26.60071190217208,39.783499502956964,66.86368025566716
2013,OC,Autumn,17.536322307242493,17.18175164518495,102.06364676535706
2013,OC,Spring,7.763344075132159,19.2828592814103,40.26033671581286
2014,OC,Annual,30.56050218059374,39.783499502956964,76.81702857317086
2014,OC,Autumn,17.124582013989304,17.18175164518495,99.6672654082294
2014,OC,Spring,9.748999052449118,19.2828592814103,50.55784990272512
2015,OC,Annual,62.85154850130471,39.783499502956964,157.98396140750057
2015,OC,Autumn,29.97934437142296,17.18175164518495,174.4836323473715
2015,OC,Spring,28.94851741470267,19.2828592814103,150.12564782138188
2016,OC,Annual,37.68116061522125,39.783499502956964,94.71555063279575
2016,OC,Autumn,13.514339805513913,17.18175164518495,78.6551923493854
2016,OC,Spring,19.93072839962216,19.2828592814103,103.35981873205102
2017,OC,Annual,47.94657000111654,39.783499502956964,120.51873414894747
2017,OC,Autumn,22.11219691333238,17.18175164518495,128.69582432550845
2017,OC,Spring,23.26172161749608,19.2828592814103,120.6341926683125
2018,OC,Annual,37.96079300075644,39.783499502956964,95.41843597226773
2018,OC,Autumn,16.754723125040318,17.18175164518495,97.51463919998923
2018,OC,Spring,17.298274268328974,19.2828592814103,89.70803559721783
2019,OC,Annual,48.569947490964196,39.783499502956964,122.08565887310685
2019,OC,Autumn,13.967461712708026,17.18175164518495,81.29242001133393
2019,OC,Spring,22.10886510910291,19.2828592814103,114.65553311596808
2020,OC,Annual,29.200275339001898,39.783499502956964,73.39795569475115
2020,OC,Autumn,8.161448698745543,17.18175164518495,47.50067901856052
2020,OC,Spring,18.339699740516593,19.2828592814103,95.10881904426402
2021,OC,Annual,24.26768902706688,39.783499502956964,60.999382483341236
2021,OC,Autumn,8.286457069973585,17.18175164518495,48.22824378500314
2021,OC,Spring,13.98782899070161,19.2828592814103,72.54022231125558
2022,OC,Annual,37.66948376096299,39.783499502956964,94.68619963450715
2022,OC,Autumn,21.735340950066853,17.18175164518495,126.50247424661158
2022,OC,Spring,14.449605153864251,19.2828592814103,74.93497174350298
2023,OC,Annual,29.152663151885807,39.783499502956964,73.27827746706646
2023,OC,Autumn,14.128939880978514,17.18175164518495,82.23224367777449
2023,OC,Spring,13.274553823124803,19.2828592814103,68.84121088785923
2024,OC,Annual,39.678460066561826,39.783499502956964,99.73597235610877
2024,OC,Autumn,13.377213296920502,17.18175164518495,77.85709846800958
2024,OC,Spring,21.881803567031138,19.2828592814103,113.47800265350875
2003,PM25,Annual,375.5585107687397,64.40768970875656,583.0957646004194
2003,PM25,Autumn,16.55920516772548,27.455358389962143,60.3131998225149
2003,PM25,Spring,347.40561442027825,31.63451521165672,1098.1853589217194
2004,PM25,Annual,142.77488386041205,64.40768970875656,221.67366118241785
2004,PM25,Autumn,134.03080567384472,27.455358389962143,488.1772212554591
2004,PM25,Spring,5.973306838160743,31.63451521165672,18.882245541602902
2005,PM25,Annual,40.97719393368168,64.40768970875656,63.62158636488186
2005,PM25,Autumn,25.232562402142783,27.455358389962143,91.903962948697
2005,PM25,Spring,13.030250933291072,31.63451521165672,41.189981405151016
2006,PM25,Annual,91.60340813017103,64.40768970875656,142.22433461654978
2006,PM25,Autumn,7.864521277809158,27.455358389962143,28.644759125360668
2006,PM25,Spring,75.95386185742029,31.63451521165672,240.09807436351275
2007,PM25,Annual,29.80316602079177,64.40768970875656,46.27268289789298
2007,PM25,Autumn,13.59492691110217,27.455358389962143,49.51647950832273
2007,PM25,Spring,7.916584898875778,31.63451521165672,25.025150048636323
2008,PM25,Annual,69.5202421361511,64.40768970875656,107.93779818918028
2008,PM25,Autumn,20.84843239660103,27.455358389962143,75.93575032050339
2008,PM25,Spring,42.01811763982607,31.63451521165672,132.82364960770187
2009,PM25,Annual,61.94564465861264,64.40768970875656,96.17740511843077
2009,PM25,Autumn,31.857753778332107,27.455358389962143,116.0347401983997
2009,PM25,Spring,25.886865649248335,31.63451521165672,81.83108062838123
2010,PM25,Annual,55.95620263505936,64.40768970875656,86.87813968811216
2010,PM25,Autumn,37.01898676222186,27.455358389962143,134.83337655412373
2010,PM25,Spring,12.151061229290075,31.63451521165672,38.41077110868018
2011,PM25,Annual,56.776145628288276,64.40768970875656,88.1511910845162
2011,PM25,Autumn,43.13179862370906,27.455358389962143,157.09792606268917
2011,PM25,Spring,9.127987238326083,31.63451521165672,28.8545191138652
2012,PM25,Annual,50.60406791314056,64.40768970875656,78.56836371862703
2012,PM25,Autumn,4.586734155081542,27.455358389962143,16.706152911697128
2012,PM25,Spring,39.38233879419583,31.63451521165672,124.49167793690161
2013,PM25,Annual,40.408025541359926,64.40768970875656,62.73789003157839
2013,PM25,Autumn,25.96415353621605,27.455358389962143,94.56861996639866
2013,PM25,Spring,12.376223243171024,31.63451521165672,39.122531704265285
2014,PM25,Annual,51.90957880219288,64.40768970875656,80.59531251147408
2014,PM25,Autumn,29.888141456323144,27.455358389962143,108.86086800181943
2014,PM25,Spring,16.110772374592084,31.63451521165672,50.92783077850223
2015,PM25,Annual,100.19411784762644,64.40768970875656,155.56235334739
2015,PM25,Autumn,47.53113073566173,27.455358389962143,173.12150896212458
2015,PM25,Spring,46.640225652493726,31.63451521165672,147.43461482004216
2016,PM25,Annual,63.732181062090824,64.40768970875656,98.95119876256965
2016,PM25,Autumn,21.82987841775383,27.455358389962143,79.51044786119046
2016,PM25,Spring,34.935037953438766,31.63451521165672,110.43329641595349
2017,PM25,Annual,79.5981670861288,64.40768970875656,123.58488162836092
2017,PM25,Autumn,34.93211203873656,27.455358389962143,127.23240229676975
2017,PM25,Spring,40.3624932520489,31.63451521165672,127.59004834433524
2018,PM25,Annual,59.40238124065883,64.40768970875656,92.22870981596903
2018,PM25,Autumn,24.017899440128467,27.455358389962143,87.47982488150498
2018,PM25,Spring,29.010260798957773,31.63451521165672,91.704458262942
2019,PM25,Annual,77.4105433865671,64.40768970875656,120.18835598141744
2019,PM25,Autumn,20.54118197562724,27.455358389962143,74.81665940713864
2019,PM25,Spring,34.701441472092185,31.63451521165672,109.69487358954488
2020,PM25,Annual,49.14409079524649,64.40768970875656,76.30158916966259
2020,PM25,Autumn,12.026041041638885,27.455358389962143,43.80216375553008
2020,PM25,Spring,32.70373765304058,31.63451521165672,103.37992358735394
2021,PM25,Annual,40.5193781720778,64.40768970875656,62.91077719958798
2021,PM25,Autumn,11.994982791139773,27.455358389962143,43.68904102714323
2021,PM25,Spring,25.20761276725186,31.63451521165672,79.6838914666324
2022,PM25,Annual,59.50304815402954,64.40768970875656,92.3850062362038
2022,PM25,Autumn,32.40002776671725,27.455358389962143,118.00985187125772
2022,PM25,Spring,24.705035772486283,31.63451521165672,78.09519320018833
2023,PM25,Annual,47.67566818652705,64.40768970875656,74.02170207021925
2023,PM25,Autumn,20.61952313320513,27.455358389962143,75.10199954535565
2023,PM25,Spring,24.225611863448414,31.63451521165672,76.57968425108578
2024,PM25,Annual,68.22130042045907,64.40768970875656,105.92104875822619
2024,PM25,Autumn,22.383494331902067,27.455358389962143,81.52686996096769
2024,PM25,Spring,38.952338393873255,31.63451521165672,123.13240185049543
