year,month,pollutant,emission_Gg
1997,1,CO,0.827413056
1997,2,CO,4.886274048
1997,3,CO,103.270424576
1997,4,CO,370.742329344
1997,5,CO,193.323302912
1997,6,CO,14.255440896
1997,7,CO,31.585947648
1997,8,CO,20.427892736
1997,9,CO,100.0665088
1997,10,CO,401.362550784
1997,11,CO,144.16183296
1997,12,CO,7.177145344
1997,1,PM2.5,0.155616272
1997,2,PM2.5,0.889339584
1997,3,PM2.5,14.432053248
1997,4,PM2.5,54.688456704
1997,5,PM2.5,25.333825536
1997,6,PM2.5,2.1490752
1997,7,PM2.5,4.180966144
1997,8,PM2.5,3.802020608
1997,9,PM2.5,17.288175616
1997,10,PM2.5,57.697554432
1997,11,PM2.5,20.045645824
1997,12,PM2.5,1.042817536
1997,1,OC,0.104959296
1997,2,OC,0.628844288
1997,3,OC,9.016915968
1997,4,OC,33.457774592
1997,5,OC,14.760126464
1997,6,OC,1.32450368
1997,7,OC,2.528529408
1997,8,OC,2.658664704
1997,9,OC,11.520211968
1997,10,OC,35.364462592
1997,11,OC,12.41682432
1997,12,OC,0.670891072
1997,1,BC,0.00518686
1997,2,BC,0.033642664
1997,3,BC,0.50849184
1997,4,BC,1.98067008
1997,5,BC,0.76687136
1997,6,BC,0.07205432
1997,7,BC,0.133783112
1997,8,BC,0.135585616
1997,9,BC,0.629909888
1997,10,BC,2.068160384
1997,11,BC,0.820975616
1997,12,BC,0.042618628
1997,1,NOx,0.026714858
1997,2,NOx,0.194249056
1997,3,NOx,3.156651008
1997,4,NOx,13.007578112
1997,5,NOx,4.219494144
1997,6,NOx,0.4262696
1997,7,NOx,0.750810048
1997,8,NOx,0.723598272
1997,9,NOx,3.740620288
1997,10,NOx,13.358604288
1997,11,NOx,6.005350912
1997,12,NOx,0.3001272
1998,1,CO,6.007778816
1998,2,CO,10.537327616
1998,3,CO,182.127509504
1998,4,CO,321.46292736
1998,5,CO,189.897752576
1998,6,CO,9.99266304
1998,7,CO,16.448008192
1998,8,CO,18.993432576
1998,9,CO,49.466925056
1998,10,CO,199.089831936
1998,11,CO,40.077955072
1998,12,CO,1.766633984
1998,1,PM2.5,1.107800192
1998,2,PM2.5,1.963260416
1998,3,PM2.5,25.423235072
1998,4,PM2.5,48.492920832
1998,5,PM2.5,24.40361984
1998,6,PM2.5,1.39623552
1998,7,PM2.5,3.209017088
1998,8,PM2.5,2.878582784
1998,9,PM2.5,8.38514176
1998,10,PM2.5,28.205088768
1998,11,PM2.5,5.510823936
1998,12,PM2.5,0.266128416
1998,1,OC,0.761339712
1998,2,OC,1.364560512
1998,3,OC,15.72661248
1998,4,OC,29.98380544
1998,5,OC,14.183190528
1998,6,OC,0.86638336
1998,7,OC,2.296534272
1998,8,OC,1.85302464
1998,9,OC,5.551389696
1998,10,OC,17.138418688
1998,11,OC,3.41656448
1998,12,OC,0.17915712
1998,1,BC,0.039316608
1998,2,BC,0.071356176
1998,3,BC,0.918928576
1998,4,BC,1.792734848
1998,5,BC,0.73255424
1998,6,BC,0.045709604
1998,7,BC,0.119211096
1998,8,BC,0.101156104
1998,9,BC,0.305399136
1998,10,BC,1.032053184
1998,11,BC,0.220243264
1998,12,BC,0.010930039
1998,1,NOx,0.215319104
1998,2,NOx,0.397730688
1998,3,NOx,5.939205632
1998,4,NOx,11.910515712
1998,5,NOx,3.981798144
1998,6,NOx,0.255835552
1998,7,NOx,0.65254272
1998,8,NOx,0.59630048
1998,9,NOx,1.827751424
1998,10,NOx,6.892027392
1998,11,NOx,1.57320768
1998,12,NOx,0.07357384
1999,1,CO,0.402579648
1999,2,CO,3.350936576
1999,3,CO,97.026801664
1999,4,CO,266.325917696
1999,5,CO,184.977457152
1999,6,CO,7.240709632
1999,7,CO,14.901363712
1999,8,CO,15.918106624
1999,9,CO,43.5132416
1999,10,CO,229.915017216
1999,11,CO,47.817183232
1999,12,CO,4.886985216
1999,1,PM2.5,0.087604184
1999,2,PM2.5,0.622961856
1999,3,PM2.5,12.492722176
1999,4,PM2.5,40.76443648
1999,5,PM2.5,23.898855424
1999,6,PM2.5,0.97625632
1999,7,PM2.5,1.943310592
1999,8,PM2.5,2.454126592
1999,9,PM2.5,7.568384512
1999,10,PM2.5,32.535062528
1999,11,PM2.5,6.934069248
1999,12,PM2.5,0.78895296
1999,1,OC,0.064852664
1999,2,OC,0.441799904
1999,3,OC,7.46372352
1999,4,OC,25.356918784
1999,5,OC,13.91756288
1999,6,OC,0.593785728
1999,7,OC,1.142082816
1999,8,OC,1.595273344
1999,9,OC,5.087196672
1999,10,OC,19.772184576
1999,11,OC,4.42628096
1999,12,OC,0.532464928
1999,1,BC,0.0030703185
1999,2,BC,0.023547208
1999,3,BC,0.42964288
1999,4,BC,1.508964096
1999,5,BC,0.76379136
1999,6,BC,0.030883852
1999,7,BC,0.065887652
1999,8,BC,0.0951758
1999,9,BC,0.281114304
1999,10,BC,1.208307456
1999,11,BC,0.2767064
1999,12,BC,0.024761586
1999,1,NOx,0.014399139
1999,2,NOx,0.134787184
1999,3,NOx,2.727730432
1999,4,NOx,9.975658496
1999,5,NOx,4.535753216
1999,6,NOx,0.169045104
1999,7,NOx,0.417047392
1999,8,NOx,0.628503936
1999,9,NOx,1.690573952
1999,10,NOx,8.196983808
1999,11,NOx,1.91610816
1999,12,NOx,0.148156208
2000,1,CO,0.352081088
2000,2,CO,2.91568256
2000,3,CO,105.473196032
2000,4,CO,265.996271616
2000,5,CO,193.531297792
2000,6,CO,157.489463296
2000,7,CO,102.204391424
2000,8,CO,13.042937856
2000,9,CO,44.189466624
2000,10,CO,141.393035264
2000,11,CO,102.772129792
2000,12,CO,1.365279104
2000,1,PM2.5,0.068829968
2000,2,PM2.5,0.545739008
2000,3,PM2.5,14.135406592
2000,4,PM2.5,40.474447872
2000,5,PM2.5,24.510124032
2000,6,PM2.5,20.544649216
2000,7,PM2.5,13.642836992
2000,8,PM2.5,2.093194112
2000,9,PM2.5,7.424144896
2000,10,PM2.5,20.401246208
2000,11,PM2.5,14.204741632
2000,12,PM2.5,0.20661368
2000,1,OC,0.049653852
2000,2,OC,0.38805104
2000,3,OC,8.62797312
2000,4,OC,25.054193664
2000,5,OC,14.15222272
2000,6,OC,12.154861568
2000,7,OC,8.308837376
2000,8,OC,1.382892928
2000,9,OC,4.902289408
2000,10,OC,12.58250752
2000,11,OC,8.821372928
2000,12,OC,0.139232624
2000,1,BC,0.002530465
2000,2,BC,0.020530876
2000,3,BC,0.488586848
2000,4,BC,1.489588992
2000,5,BC,0.745648704
2000,6,BC,0.603397312
2000,7,BC,0.476955232
2000,8,BC,0.073543864
2000,9,BC,0.26894784
2000,10,BC,0.749081344
2000,11,BC,0.574379136
2000,12,BC,0.008473009
2000,1,NOx,0.013516358
2000,2,NOx,0.116309368
2000,3,NOx,3.039830016
2000,4,NOx,9.837377536
2000,5,NOx,4.174573312
2000,6,NOx,3.0661888
2000,7,NOx,2.986321152
2000,8,NOx,0.42057248
2000,9,NOx,1.603206272
2000,10,NOx,4.935968768
2000,11,NOx,4.141968896
2000,12,NOx,0.05688196
2001,1,CO,0.0
2001,2,CO,1.904462464
2001,3,CO,39.85862656
2001,4,CO,312.36653056
2001,5,CO,26.808942592
2001,6,CO,6.333113856
2001,7,CO,3.3323904
2001,8,CO,15.164872704
2001,9,CO,107.63608064
2001,10,CO,335.101394944
2001,11,CO,88.90384384
2001,12,CO,2.8262976
2001,1,PM2.5,0.0
2001,2,PM2.5,0.311791936
2001,3,PM2.5,5.971860992
2001,4,PM2.5,49.418285056
2001,5,PM2.5,4.155103744
2001,6,PM2.5,1.012089792
2001,7,PM2.5,0.62857728
2001,8,PM2.5,2.840282624
2001,9,PM2.5,18.303043584
2001,10,PM2.5,53.476831232
2001,11,PM2.5,14.179547136
2001,12,PM2.5,0.448118048
2001,1,OC,0.0
2001,2,OC,0.211655216
2001,3,OC,3.730687232
2001,4,OC,30.343974912
2001,5,OC,2.57265024
2001,6,OC,0.632252224
2001,7,OC,0.410581248
2001,8,OC,1.964834304
2001,9,OC,11.76041472
2001,10,OC,34.12658176
2001,11,OC,9.171130368
2001,12,OC,0.2881808
2001,1,BC,0.0
2001,2,BC,0.012711354
2001,3,BC,0.246315024
2001,4,BC,1.64306048
2001,5,BC,0.15072272
2001,6,BC,0.03811676
2001,7,BC,0.0200958
2001,8,BC,0.098346032
2001,9,BC,0.630868096
2001,10,BC,1.71770112
2001,11,BC,0.471672096
2001,12,BC,0.014538688
2001,1,NOx,0.0
2001,2,NOx,0.084097856
2001,3,NOx,1.838972416
2001,4,NOx,9.726879744
2001,5,NOx,1.00020768
2001,6,NOx,0.257207632
2001,7,NOx,0.102251168
2001,8,NOx,0.509773536
2001,9,NOx,3.681792256
2001,10,NOx,9.033209856
2001,11,NOx,2.57325568
2001,12,NOx,0.088738304
2002,1,CO,0.770796544
2002,2,CO,16.478572544
2002,3,CO,116.452352
2002,4,CO,52.38255616
2002,5,CO,39.991959552
2002,6,CO,16.584675328
2002,7,CO,5.172326912
2002,8,CO,28.378621952
2002,9,CO,82.021834752
2002,10,CO,27.679397888
2002,11,CO,32.92760064
2002,12,CO,0.0
2002,1,PM2.5,0.164492448
2002,2,PM2.5,2.289531904
2002,3,PM2.5,17.496614912
2002,4,PM2.5,7.742830592
2002,5,PM2.5,5.620707328
2002,6,PM2.5,2.296207872
2002,7,PM2.5,0.659164928
2002,8,PM2.5,4.373492224
2002,9,PM2.5,11.900845056
2002,10,PM2.5,3.800717312
2002,11,PM2.5,5.527058944
2002,12,PM2.5,0.0
2002,1,OC,0.121241488
2002,2,OC,1.41077696
2002,3,OC,10.875464704
2002,4,OC,4.87630336
2002,5,OC,3.398193664
2002,6,OC,1.403222272
2002,7,OC,0.38763456
2002,8,OC,2.868860928
2002,9,OC,7.33552384
2002,10,OC,2.2944256
2002,11,OC,3.72653696
2002,12,OC,0.0
2002,1,BC,0.0058481115
2002,2,BC,0.092437496
2002,3,BC,0.628369344
2002,4,BC,0.285401408
2002,5,BC,0.19063528
2002,6,BC,0.078037408
2002,7,BC,0.01948811
2002,8,BC,0.135776336
2002,9,BC,0.401534592
2002,10,BC,0.1296804
2002,11,BC,0.19995592
2002,12,BC,0.0
2002,1,NOx,0.028249944
2002,2,NOx,0.679781632
2002,3,NOx,4.131958528
2002,4,NOx,1.836239488
2002,5,NOx,1.167840256
2002,6,NOx,0.470975648
2002,7,NOx,0.100809768
2002,8,NOx,0.62902656
2002,9,NOx,2.385008128
2002,10,NOx,0.80033024
2002,11,NOx,1.151912576
2002,12,NOx,0.0
2003,1,CO,0.426401408
2003,2,CO,15.611480064
2003,3,CO,230.211764224
2003,4,CO,252.148072448
2003,5,CO,285.665001472
2003,6,CO,36.837859328
2003,7,CO,15.84307712
2003,8,CO,3.0659648
2003,9,CO,8.211604992
2003,10,CO,35.387736064
2003,11,CO,15.05398784
2003,12,CO,1.715277056
2003,1,PM2.5,0.083060872
2003,2,PM2.5,2.639940864
2003,3,PM2.5,35.259224064
2003,4,PM2.5,40.371564544
2003,5,PM2.5,36.924735488
2003,6,PM2.5,4.901701632
2003,7,PM2.5,3.01486208
2003,8,PM2.5,0.539995008
2003,9,PM2.5,1.451475328
2003,10,PM2.5,4.864681984
2003,11,PM2.5,2.252281088
2003,12,PM2.5,0.24687808
2003,1,OC,0.05990684
2003,2,OC,1.789800192
2003,3,OC,21.738479616
2003,4,OC,25.767962624
2003,5,OC,21.802049536
2003,6,OC,2.927897856
2003,7,OC,2.132882048
2003,8,OC,0.360034144
2003,9,OC,0.981300992
2003,10,OC,2.921826816
2003,11,OC,1.4096672
2003,12,OC,0.140865888
2003,1,BC,0.0030707595
2003,2,BC,0.100648968
2003,3,BC,1.250649728
2003,4,BC,1.426645248
2003,5,BC,1.076338432
2003,6,BC,0.151480416
2003,7,BC,0.114059048
2003,8,BC,0.018472538
2003,9,BC,0.056534032
2003,10,BC,0.199100128
2003,11,BC,0.089416896
2003,12,BC,0.008617859
2003,1,NOx,0.016476578
2003,2,NOx,0.6339056
2003,3,NOx,7.946779136
2003,4,NOx,8.603107328
2003,5,NOx,5.399908352
2003,6,NOx,0.821981504
2003,7,NOx,0.652333888
2003,8,NOx,0.100039584
2003,9,NOx,0.35763504
2003,10,NOx,1.494403968
2003,11,NOx,0.630985088
2003,12,NOx,0.059561144
2004,1,CO,1.466433792
2004,2,CO,6.301677056
2004,3,CO,21.453514752
2004,4,CO,71.298613248
2004,5,CO,14.547401728
2004,6,CO,18.449993728
2004,7,CO,6.759159808
2004,8,CO,9.824628736
2004,9,CO,33.883705344
2004,10,CO,407.109009408
2004,11,CO,31.991453696
2004,12,CO,2.70356864
2004,1,PM2.5,0.22586464
2004,2,PM2.5,1.109142656
2004,3,PM2.5,3.902169344
2004,4,PM2.5,12.417159168
2004,5,PM2.5,2.393311744
2004,6,PM2.5,2.877995008
2004,7,PM2.5,0.813790272
2004,8,PM2.5,1.811390592
2004,9,PM2.5,5.733279744
2004,10,PM2.5,66.032136192
2004,11,PM2.5,4.3013248
2004,12,PM2.5,0.414116544
2004,1,OC,0.141723472
2004,2,OC,0.758394688
2004,3,OC,2.614303744
2004,4,OC,8.08098048
2004,5,OC,1.509791104
2004,6,OC,1.713250176
2004,7,OC,0.466360032
2004,8,OC,1.262373376
2004,9,OC,3.579076352
2004,10,OC,40.996409344
2004,11,OC,2.610157312
2004,12,OC,0.26385928
2004,1,BC,0.008395593
2004,2,BC,0.0443835
2004,3,BC,0.146292992
2004,4,BC,0.445714528
2004,5,BC,0.090617944
2004,6,BC,0.093279512
2004,7,BC,0.024143634
2004,8,BC,0.06444154
2004,9,BC,0.197292976
2004,10,BC,2.277307392
2004,11,BC,0.163355024
2004,12,BC,0.014153726
2004,1,NOx,0.055373632
2004,2,NOx,0.285290336
2004,3,NOx,0.9011792
2004,4,NOx,2.689811712
2004,5,NOx,0.605395968
2004,6,NOx,0.558251776
2004,7,NOx,0.13044044
2004,8,NOx,0.34374704
2004,9,NOx,1.199742592
2004,10,NOx,13.92084992
2004,11,NOx,1.133242752
2004,12,NOx,0.091211984
2005,1,CO,0.0
2005,2,CO,1.00255936
2005,3,CO,73.03405568
2005,4,CO,51.562262528
2005,5,CO,10.1877504
2005,6,CO,3.53681664
2005,7,CO,8.265825792
2005,8,CO,59.373723648
2005,9,CO,23.773446144
2005,10,CO,145.4850048
2005,11,CO,29.313140736
2005,12,CO,0.21360408
2005,1,PM2.5,0.0
2005,2,PM2.5,0.194655664
2005,3,PM2.5,12.022833152
2005,4,PM2.5,8.29671424
2005,5,PM2.5,1.7262304
2005,6,PM2.5,0.5095376
2005,7,PM2.5,1.125080064
2005,8,PM2.5,8.354098688
2005,9,PM2.5,4.087427328
2005,10,PM2.5,24.099080192
2005,11,PM2.5,5.113432576
2005,12,PM2.5,0.041293912
2005,1,OC,0.0
2005,2,OC,0.139834432
2005,3,OC,7.820344832
2005,4,OC,5.209161728
2005,5,OC,1.11293888
2005,6,OC,0.319699072
2005,7,OC,0.68876544
2005,8,OC,5.257083904
2005,9,OC,2.711975168
2005,10,OC,15.82480384
2005,11,OC,3.46454656
2005,12,OC,0.029858948
2005,1,BC,0.0
2005,2,BC,0.0072464995
2005,3,BC,0.43370544
2005,4,BC,0.30672944
2005,5,BC,0.061357444
2005,6,BC,0.017456114
2005,7,BC,0.035605448
2005,8,BC,0.249693904
2005,9,BC,0.153231152
2005,10,BC,0.896850048
2005,11,BC,0.19542096
2005,12,BC,0.001519816375
2005,1,NOx,0.0
2005,2,NOx,0.039554108
2005,3,NOx,2.630138624
2005,4,NOx,2.017704576
2005,5,NOx,0.38191936
2005,6,NOx,0.1026482
2005,7,NOx,0.19298784
2005,8,NOx,1.160875008
2005,9,NOx,0.948811328
2005,10,NOx,5.55789568
2005,11,NOx,1.20951232
2005,12,NOx,0.008063279
2006,1,CO,0.395403936
2006,2,CO,8.388069376
2006,3,CO,51.671502848
2006,4,CO,61.489577984
2006,5,CO,176.327180288
2006,6,CO,5.761856512
2006,7,CO,2.009180032
2006,8,CO,7.68673792
2006,9,CO,32.858984448
2006,10,CO,58.71992832
2006,11,CO,30.268012544
2006,12,CO,2.490002944
2006,1,PM2.5,0.036460032
2006,2,PM2.5,1.523596416
2006,3,PM2.5,8.783117312
2006,4,PM2.5,8.973575168
2006,5,PM2.5,22.182182912
2006,6,PM2.5,0.68814144
2006,7,PM2.5,0.289375424
2006,8,PM2.5,1.510035968
2006,9,PM2.5,5.802763776
2006,10,PM2.5,11.367552
2006,11,PM2.5,5.855682048
2006,12,PM2.5,0.3936056
2006,1,OC,0.01867102
2006,2,OC,1.054515584
2006,3,OC,5.656791552
2006,4,OC,5.46983424
2006,5,OC,12.72576512
2006,6,OC,0.39440672
2006,7,OC,0.165959584
2006,8,OC,1.066611072
2006,9,OC,3.904223232
2006,10,OC,8.067616768
2006,11,OC,4.134229248
2006,12,OC,0.240686336
2006,1,BC,0.002031020125
2006,2,BC,0.059824104
2006,3,BC,0.358942944
2006,4,BC,0.33449664
2006,5,BC,0.632272384
2006,6,BC,0.019270814
2006,7,BC,0.012526353
2006,8,BC,0.055013796
2006,9,BC,0.21452504
2006,10,BC,0.417743168
2006,11,BC,0.218014064
2006,12,BC,0.013687876
2006,1,NOx,0.020064
2006,2,NOx,0.370421376
2006,3,NOx,2.527002624
2006,4,NOx,2.264409856
2006,5,NOx,3.221887232
2006,6,NOx,0.094038136
2006,7,NOx,0.102244976
2006,8,NOx,0.299116864
2006,9,NOx,1.281948544
2006,10,NOx,2.284096256
2006,11,NOx,1.223536384
2006,12,NOx,0.086690952
2007,1,CO,3.994262016
2007,2,CO,19.203733504
2007,3,CO,44.679983104
2007,4,CO,75.368054784
2007,5,CO,23.739541504
2007,6,CO,6.483116544
2007,7,CO,29.199706112
2007,8,CO,96.439697408
2007,9,CO,24.299429888
2007,10,CO,121.696190464
2007,11,CO,81.780604928
2007,12,CO,2.707283456
2007,1,PM2.5,0.786501824
2007,2,PM2.5,3.693516032
2007,3,PM2.5,7.869684736
2007,4,PM2.5,12.021690368
2007,5,PM2.5,4.000062976
2007,6,PM2.5,1.003064896
2007,7,PM2.5,3.983272704
2007,8,PM2.5,16.739395584
2007,9,PM2.5,4.300240896
2007,10,PM2.5,23.031107584
2007,11,PM2.5,14.395106304
2007,12,PM2.5,0.479823744
2007,1,OC,0.562073664
2007,2,OC,2.612032
2007,3,OC,5.197668864
2007,4,OC,7.754176512
2007,5,OC,2.6183168
2007,6,OC,0.615385024
2007,7,OC,2.253187584
2007,8,OC,11.220875264
2007,9,OC,2.912356864
2007,10,OC,16.069809152
2007,11,OC,9.764606976
2007,12,OC,0.330548576
2007,1,BC,0.028874752
2007,2,BC,0.141021312
2007,3,BC,0.323222016
2007,4,BC,0.458403776
2007,5,BC,0.155842384
2007,6,BC,0.040754844
2007,7,BC,0.169712064
2007,8,BC,0.625601088
2007,9,BC,0.165149344
2007,10,BC,0.86193952
2007,11,BC,0.545762176
2007,12,BC,0.01792888
2007,1,NOx,0.155715264
2007,2,NOx,0.818392512
2007,3,NOx,2.226712832
2007,4,NOx,2.9857728
2007,5,NOx,1.036746048
2007,6,NOx,0.299473568
2007,7,NOx,1.383817728
2007,8,NOx,3.801844224
2007,9,NOx,1.02460064
2007,10,NOx,4.96942592
2007,11,NOx,3.329537024
2007,12,NOx,0.105045728
2008,1,CO,1.500542464
2008,2,CO,72.778358784
2008,3,CO,261.847138304
2008,4,CO,254.131994624
2008,5,CO,20.926756864
2008,6,CO,11.42782976
2008,7,CO,20.61568
2008,8,CO,25.567594496
2008,9,CO,35.357945856
2008,10,CO,231.704723456
2008,11,CO,42.537762816
2008,12,CO,3.216513792
2008,1,PM2.5,0.324543488
2008,2,PM2.5,12.6902528
2008,3,PM2.5,44.78226432
2008,4,PM2.5,36.353355776
2008,5,PM2.5,2.950701568
2008,6,PM2.5,1.569444736
2008,7,PM2.5,2.453911552
2008,8,PM2.5,4.348162048
2008,9,PM2.5,6.390390272
2008,10,PM2.5,45.947768832
2008,11,PM2.5,8.576035328
2008,12,PM2.5,0.627414656
2008,1,OC,0.23865936
2008,2,OC,8.681617408
2008,3,OC,29.251334144
2008,4,OC,22.105135104
2008,5,OC,1.804609024
2008,6,OC,0.933891712
2008,7,OC,1.399993728
2008,8,OC,2.9285312
2008,9,OC,4.332228096
2008,10,OC,32.717498368
2008,11,OC,6.10744576
2008,12,OC,0.447715168
2008,1,BC,0.011322036
2008,2,BC,0.47556624
2008,3,BC,1.57274496
2008,4,BC,1.189541632
2008,5,BC,0.09359856
2008,6,BC,0.051257864
2008,7,BC,0.07317736
2008,8,BC,0.151408832
2008,9,BC,0.237342848
2008,10,BC,1.655384832
2008,11,BC,0.306528768
2008,12,BC,0.022944922
2008,1,NOx,0.053067764
2008,2,NOx,2.83083904
2008,3,NOx,9.20748032
2008,4,NOx,6.891167232
2008,5,NOx,0.511474048
2008,6,NOx,0.324623872
2008,7,NOx,0.400488416
2008,8,NOx,0.824187584
2008,9,NOx,1.410896256
2008,10,NOx,8.723198976
2008,11,NOx,1.595177216
2008,12,NOx,0.123323232
2009,1,CO,3.338313728
2009,2,CO,15.718398976
2009,3,CO,57.659912192
2009,4,CO,267.566809088
2009,5,CO,86.812606464
2009,6,CO,3.518943744
2009,7,CO,1.951410432
2009,8,CO,9.354341376
2009,9,CO,49.51556096
2009,10,CO,95.200059392
2009,11,CO,64.448794624
2009,12,CO,0.039520416
2009,1,PM2.5,0.525158656
2009,2,PM2.5,3.134286336
2009,3,PM2.5,10.604791808
2009,4,PM2.5,46.009581568
2009,5,PM2.5,13.82544896
2009,6,PM2.5,0.497663744
2009,7,PM2.5,0.307465792
2009,8,PM2.5,1.670862976
2009,9,PM2.5,9.5273216
2009,10,PM2.5,19.295758336
2009,11,PM2.5,12.852432896
2009,12,PM2.5,0.008750262
2009,1,OC,0.338497088
2009,2,OC,2.235264512
2009,3,OC,7.345995264
2009,4,OC,29.837535232
2009,5,OC,8.52143104
2009,6,OC,0.2878144
2009,7,OC,0.198566496
2009,8,OC,1.108402048
2009,9,OC,6.682161664
2009,10,OC,13.837518848
2009,11,OC,9.145311232
2009,12,OC,0.0065050025
2009,1,BC,0.02088958
2009,2,BC,0.117310472
2009,3,BC,0.408335584
2009,4,BC,1.697554688
2009,5,BC,0.4980064
2009,6,BC,0.020938456
2009,7,BC,0.013444411
2009,8,BC,0.05866966
2009,9,BC,0.351386784
2009,10,BC,0.689219456
2009,11,BC,0.462894368
2009,12,BC,0.0003061218125
2009,1,NOx,0.14306264
2009,2,NOx,0.65643904
2009,3,NOx,2.485089536
2009,4,NOx,10.756637696
2009,5,NOx,3.258992896
2009,6,NOx,0.166532608
2009,7,NOx,0.100014096
2009,8,NOx,0.337310016
2009,9,NOx,1.967035136
2009,10,NOx,3.541953024
2009,11,NOx,2.440270336
2009,12,NOx,0.001409382875
2010,1,CO,0.0692468
2010,2,CO,2.772841216
2010,3,CO,24.519888896
2010,4,CO,82.831212544
2010,5,CO,46.295957504
2010,6,CO,26.869506048
2010,7,CO,8.55010048
2010,8,CO,9.986777088
2010,9,CO,42.618503168
2010,10,CO,325.994020864
2010,11,CO,57.836568576
2010,12,CO,0.047712692
2010,1,PM2.5,0.015332016
2010,2,PM2.5,0.527862528
2010,3,PM2.5,5.067850752
2010,4,PM2.5,15.366771712
2010,5,PM2.5,8.860744704
2010,6,PM2.5,3.464240384
2010,7,PM2.5,1.025235392
2010,8,PM2.5,1.676004992
2010,9,PM2.5,8.246245888
2010,10,PM2.5,61.360738304
2010,11,PM2.5,10.50158592
2010,12,PM2.5,0.010564124
2010,1,OC,0.011397922
2010,2,OC,0.37890016
2010,3,OC,3.663708416
2010,4,OC,10.643539968
2010,5,OC,6.262531072
2010,6,OC,2.047378176
2010,7,OC,0.58764224
2010,8,OC,1.111643776
2010,9,OC,5.793220096
2010,10,OC,42.374176768
2010,11,OC,7.230367232
2010,12,OC,0.007853439
2010,1,BC,0.000536379875
2010,2,BC,0.019677712
2010,3,BC,0.184865152
2010,4,BC,0.571585984
2010,5,BC,0.317116992
2010,6,BC,0.1040974
2010,7,BC,0.031159444
2010,8,BC,0.067737648
2010,9,BC,0.304874336
2010,10,BC,2.217924352
2010,11,BC,0.372891456
2010,12,BC,0.0003695785
2010,1,NOx,0.0024694895
2010,2,NOx,0.107765856
2010,3,NOx,0.969312128
2010,4,NOx,3.294316288
2010,5,NOx,1.669234688
2010,6,NOx,0.551541184
2010,7,NOx,0.174415584
2010,8,NOx,0.45561328
2010,9,NOx,1.706915968
2010,10,NOx,12.37089792
2010,11,NOx,2.027385088
2010,12,NOx,0.001701537
2011,1,CO,1.657784064
2011,2,CO,5.78263296
2011,3,CO,49.086984192
2011,4,CO,156.053045248
2011,5,CO,28.589398016
2011,6,CO,6.169728512
2011,7,CO,6.389113856
2011,8,CO,35.16901376
2011,9,CO,36.76012544
2011,10,CO,588.804718592
2011,11,CO,173.614153728
2011,12,CO,2.386197248
2011,1,PM2.5,0.296592064
2011,2,PM2.5,1.111787904
2011,3,PM2.5,9.102770176
2011,4,PM2.5,26.896633856
2011,5,PM2.5,4.688003072
2011,6,PM2.5,0.877101696
2011,7,PM2.5,0.857562112
2011,8,PM2.5,6.47712768
2011,9,PM2.5,6.465707008
2011,10,PM2.5,119.952490496
2011,11,PM2.5,34.909384704
2011,12,PM2.5,0.49198368
2011,1,OC,0.209225072
2011,2,OC,0.7928992
2011,3,OC,6.185165312
2011,4,OC,17.760477184
2011,5,OC,3.00477568
2011,6,OC,0.538057152
2011,7,OC,0.50911008
2011,8,OC,4.502786048
2011,9,OC,4.30678272
2011,10,OC,86.245318656
2011,11,OC,24.963342336
2011,12,OC,0.3572976
2011,1,BC,0.010497733
2011,2,BC,0.041515712
2011,3,BC,0.335297216
2011,4,BC,1.028506304
2011,5,BC,0.182628784
2011,6,BC,0.039487388
2011,7,BC,0.034934528
2011,8,BC,0.231614944
2011,9,BC,0.238902016
2011,10,BC,4.2519616
2011,11,BC,1.252742016
2011,12,BC,0.017831348
2011,1,NOx,0.058732168
2011,2,NOx,0.231076896
2011,3,NOx,1.97693248
2011,4,NOx,6.607212032
2011,5,NOx,1.230236928
2011,6,NOx,0.313640256
2011,7,NOx,0.262430064
2011,8,NOx,1.271518976
2011,9,NOx,1.444927232
2011,10,NOx,21.429489664
2011,11,NOx,6.515641856
2011,12,NOx,0.091600968
2012,1,CO,4.000426496
2012,2,CO,32.762609664
2012,3,CO,129.191452672
2012,4,CO,206.038007808
2012,5,CO,143.151644672
2012,6,CO,22.977202176
2012,7,CO,10.0381952
2012,8,CO,22.66319872
2012,9,CO,18.647455744
2012,10,CO,54.036221952
2012,11,CO,25.38527744
2012,12,CO,0.033524036
2012,1,PM2.5,0.794479232
2012,2,PM2.5,6.325700096
2012,3,PM2.5,22.658660352
2012,4,PM2.5,33.929383936
2012,5,PM2.5,17.374406656
2012,6,PM2.5,2.919455488
2012,7,PM2.5,1.31701184
2012,8,PM2.5,3.555437824
2012,9,PM2.5,3.251978496
2012,10,PM2.5,11.101817856
2012,11,PM2.5,5.12224
2012,12,PM2.5,0.007422597
2012,1,OC,0.575862016
2012,2,OC,4.52014336
2012,3,OC,15.508810752
2012,4,OC,22.1954048
2012,5,OC,10.02078208
2012,6,OC,1.729487744
2012,7,OC,0.750015744
2012,8,OC,2.29732736
2012,9,OC,2.196877568
2012,10,OC,8.046455296
2012,11,OC,3.699037952
2012,12,OC,0.0055180075
2012,1,BC,0.029116436
2012,2,BC,0.23598952
2012,3,BC,0.81948992
2012,4,BC,1.21756096
2012,5,BC,0.477187392
2012,6,BC,0.088230608
2012,7,BC,0.058784212
2012,8,BC,0.135430128
2012,9,BC,0.119611712
2012,10,BC,0.401372768
2012,11,BC,0.1850728
2012,12,BC,0.000259674375
2012,1,NOx,0.152800304
2012,2,NOx,1.303465344
2012,3,NOx,4.612009472
2012,4,NOx,7.246011392
2012,5,NOx,2.239781376
2012,6,NOx,0.48339424
2012,7,NOx,0.491019168
2012,8,NOx,0.87888832
2012,9,NOx,0.703507264
2012,10,NOx,2.06063104
2012,11,NOx,0.955728384
2012,12,NOx,0.001195539125
2013,1,CO,0.065833328
2013,2,CO,8.16491776
2013,3,CO,21.02984704
2013,4,CO,143.717138432
2013,5,CO,121.633619968
2013,6,CO,9.588626432
2013,7,CO,4.675942912
2013,8,CO,6.967758848
2013,9,CO,23.003656192
2013,10,CO,272.649207808
2013,11,CO,57.61898496
2013,12,CO,3.329768704
2013,1,PM2.5,0.014576236
2013,2,PM2.5,1.665280768
2013,3,PM2.5,4.111122944
2013,4,PM2.5,24.9334784
2013,5,PM2.5,23.525752832
2013,6,PM2.5,1.611058304
2013,7,PM2.5,0.741884416
2013,8,PM2.5,1.085276928
2013,9,PM2.5,4.071495936
2013,10,PM2.5,52.682457088
2013,11,PM2.5,11.471371264
2013,12,PM2.5,0.720205696
2013,1,OC,0.01083607
2013,2,OC,1.214416384
2013,3,OC,2.93225984
2013,4,OC,16.429607936
2013,5,OC,16.524983296
2013,6,OC,1.01273088
2013,7,OC,0.48619488
2013,8,OC,0.695508672
2013,9,OC,2.754379776
2013,10,OC,37.303844864
2013,11,OC,8.213094912
2013,12,OC,0.531993824
2013,1,BC,0.0005099394375
2013,2,BC,0.060327084
2013,3,BC,0.153871952
2013,4,BC,0.89758592
2013,5,BC,0.850569152
2013,6,BC,0.057307252
2013,7,BC,0.030903674
2013,8,BC,0.041936552
2013,9,BC,0.15814776
2013,10,BC,1.857596288
2013,11,BC,0.415350016
2013,12,BC,0.02550151
2013,1,NOx,0.002347758
2013,2,NOx,0.30729952
2013,3,NOx,0.856454784
2013,4,NOx,5.338422272
2013,5,NOx,4.610213888
2013,6,NOx,0.366202976
2013,7,NOx,0.220347376
2013,8,NOx,0.281914464
2013,9,NOx,0.995690112
2013,10,NOx,9.536004096
2013,11,NOx,2.186023424
2013,12,NOx,0.121742632
2014,1,CO,2.368014848
2014,2,CO,30.58207744
2014,3,CO,143.291793408
2014,4,CO,346.396950528
2014,5,CO,17.636917248
2014,6,CO,7.649094656
2014,7,CO,10.349775872
2014,8,CO,21.585553408
2014,9,CO,41.292517376
2014,10,CO,794.56370688
2014,11,CO,340.031668224
2014,12,CO,3.913306368
2014,1,PM2.5,0.492241504
2014,2,PM2.5,5.442488832
2014,3,PM2.5,24.978819072
2014,4,PM2.5,68.416344064
2014,5,PM2.5,2.546377984
2014,6,PM2.5,1.271390848
2014,7,PM2.5,1.396553344
2014,8,PM2.5,3.419677696
2014,9,PM2.5,7.511043584
2014,10,PM2.5,167.525433344
2014,11,PM2.5,71.587168256
2014,12,PM2.5,0.824330688
2014,1,OC,0.35866704
2014,2,OC,3.774444544
2014,3,OC,16.507060224
2014,4,OC,48.305078272
2014,5,OC,1.565823488
2014,6,OC,0.843772288
2014,7,OC,0.828903232
2014,8,OC,2.213886464
2014,9,OC,5.129421824
2014,10,OC,122.021208064
2014,11,OC,52.222201856
2014,12,OC,0.603326464
2014,1,BC,0.017871858
2014,2,BC,0.213844272
2014,3,BC,0.97944
2014,4,BC,2.497085952
2014,5,BC,0.1052
2014,6,BC,0.050171916
2014,7,BC,0.057240324
2014,8,BC,0.134112552
2014,9,BC,0.280741152
2014,10,BC,6.00684288
2014,11,BC,2.553370624
2014,12,BC,0.029656022
2014,1,NOx,0.091515208
2014,2,NOx,1.322375936
2014,3,NOx,6.419376128
2014,4,NOx,13.6251136
2014,5,NOx,0.778330752
2014,6,NOx,0.328371616
2014,7,NOx,0.436012576
2014,8,NOx,0.903695232
2014,9,NOx,1.665654912
2014,10,NOx,30.142644224
2014,11,NOx,12.671409152
2014,12,NOx,0.14829704
2015,1,CO,1.636884224
2015,2,CO,18.820274176
2015,3,CO,180.426620928
2015,4,CO,423.454408704
2015,5,CO,44.361965568
2015,6,CO,25.165221888
2015,7,CO,36.517376
2015,8,CO,13.539856384
2015,9,CO,38.365597696
2015,10,CO,380.4708864
2015,11,CO,404.424359936
2015,12,CO,2.492810496
2015,1,PM2.5,0.33454352
2015,2,PM2.5,3.664591104
2015,3,PM2.5,35.362234368
2015,4,PM2.5,83.015081984
2015,5,PM2.5,6.69737984
2015,6,PM2.5,3.32179328
2015,7,PM2.5,4.646458368
2015,8,PM2.5,2.280413184
2015,9,PM2.5,6.8242688
2015,10,PM2.5,78.885036032
2015,11,PM2.5,85.167284224
2015,12,PM2.5,0.551936128
2015,1,OC,0.243065408
2015,2,OC,2.61982848
2015,3,OC,24.944523264
2015,4,OC,58.090119168
2015,5,OC,4.013966336
2015,6,OC,1.829148416
2015,7,OC,2.691820544
2015,8,OC,1.527972992
2015,9,OC,4.604995072
2015,10,OC,56.980426752
2015,11,OC,62.100369408
2015,12,OC,0.410312896
2015,1,BC,0.012069118
2015,2,BC,0.135188896
2015,3,BC,1.314483968
2015,4,BC,3.000272896
2015,5,BC,0.30452512
2015,6,BC,0.143991728
2015,7,BC,0.151280432
2015,8,BC,0.088689664
2015,9,BC,0.260704448
2015,10,BC,2.79885696
2015,11,BC,3.044388096
2015,12,BC,0.019309104
2015,1,NOx,0.06147924
2015,2,NOx,0.742141504
2015,3,NOx,7.379649536
2015,4,NOx,16.38333952
2015,5,NOx,2.484586752
2015,6,NOx,1.210630656
2015,7,NOx,0.924313984
2015,8,NOx,0.564919488
2015,9,NOx,1.615540864
2015,10,NOx,14.01682432
2015,11,NOx,15.172477952
2015,12,NOx,0.08889896
2016,1,CO,16.490720256
2016,2,CO,22.95310336
2016,3,CO,401.517576192
2016,4,CO,196.09092096
2016,5,CO,22.177398784
2016,6,CO,9.826485248
2016,7,CO,15.688630272
2016,8,CO,47.892938752
2016,9,CO,23.732434944
2016,10,CO,130.236686336
2016,11,CO,91.859705856
2016,12,CO,0.352598976
2016,1,PM2.5,3.581431296
2016,2,PM2.5,4.857548288
2016,3,PM2.5,78.581710848
2016,4,PM2.5,37.30710528
2016,5,PM2.5,3.738276608
2016,6,PM2.5,1.52292352
2016,7,PM2.5,2.154471424
2016,8,PM2.5,8.902017024
2016,9,PM2.5,3.979757824
2016,10,PM2.5,26.79136256
2016,11,PM2.5,18.912530432
2016,12,PM2.5,0.075660192
2016,1,OC,2.649735168
2016,2,OC,3.56380928
2016,3,OC,55.254581248
2016,4,OC,25.920667648
2016,5,OC,2.443300096
2016,6,OC,0.932323008
2016,7,OC,1.271769216
2016,8,OC,6.153470464
2016,9,OC,2.656803328
2016,10,OC,19.401453568
2016,11,OC,13.749016576
2016,12,OC,0.05584806
2016,1,BC,0.126101456
2016,2,BC,0.173887712
2016,3,BC,2.895575552
2016,4,BC,1.39447616
2016,5,BC,0.148276688
2016,6,BC,0.062642996
2016,7,BC,0.101179328
2016,8,BC,0.332302208
2016,9,BC,0.14866416
2016,10,BC,0.954773568
2016,11,BC,0.682286976
2016,12,BC,0.002682593
2016,1,NOx,0.593765568
2016,2,NOx,0.858106944
2016,3,NOx,16.181243904
2016,4,NOx,8.109769216
2016,5,NOx,0.994491776
2016,6,NOx,0.465941536
2016,7,NOx,0.850809024
2016,8,NOx,1.933446656
2016,9,NOx,0.905215616
2016,10,NOx,4.799952384
2016,11,NOx,3.471442432
2016,12,NOx,0.012856513
2017,1,CO,3.357722624
2017,2,CO,33.879861248
2017,3,CO,389.693505536
2017,4,CO,545.514651648
2017,5,CO,43.981549568
2017,6,CO,16.630796288
2017,7,CO,21.037637632
2017,8,CO,9.782909952
2017,9,CO,40.181415936
2017,10,CO,339.992674304
2017,11,CO,160.665075712
2017,12,CO,3.981298688
2017,1,PM2.5,0.730113536
2017,2,PM2.5,7.260391424
2017,3,PM2.5,77.581058048
2017,4,PM2.5,112.999366656
2017,5,PM2.5,7.612596224
2017,6,PM2.5,2.514211072
2017,7,PM2.5,2.897425152
2017,8,PM2.5,1.40674176
2017,9,PM2.5,6.240794112
2017,10,PM2.5,67.785105408
2017,11,PM2.5,33.787004928
2017,12,PM2.5,0.8678544
2017,1,OC,0.540305152
2017,2,OC,5.343281152
2017,3,OC,55.383670784
2017,4,OC,81.49127168
2017,5,OC,4.97183232
2017,6,OC,1.501736832
2017,7,OC,1.7302752
2017,8,OC,0.865010176
2017,9,OC,3.9912256
2017,10,OC,48.612122624
2017,11,OC,24.624267264
2017,12,OC,0.64034336
2017,1,BC,0.025763428
2017,2,BC,0.258782704
2017,3,BC,2.782977792
2017,4,BC,4.031655936
2017,5,BC,0.292324992
2017,6,BC,0.099125
2017,7,BC,0.12389944
2017,8,BC,0.0613726
2017,9,BC,0.240669856
2017,10,BC,2.406561536
2017,11,BC,1.192569344
2017,12,BC,0.030292222
2017,1,NOx,0.121747248
2017,2,NOx,1.25991552
2017,3,NOx,14.51580928
2017,4,NOx,20.473913344
2017,5,NOx,1.913037824
2017,6,NOx,0.725063808
2017,7,NOx,0.96451008
2017,8,NOx,0.475594912
2017,9,NOx,1.602700672
2017,10,NOx,12.211310592
2017,11,NOx,5.819069952
2017,12,NOx,0.141525312
2018,1,CO,2.426389504
2018,2,CO,43.301564416
2018,3,CO,282.86763008
2018,4,CO,250.028539904
2018,5,CO,41.531789312
2018,6,CO,24.602466304
2018,7,CO,6.51503104
2018,8,CO,11.049434112
2018,9,CO,33.099573248
2018,10,CO,31.044395008
2018,11,CO,12.469943296
2018,12,CO,4.039271168
2018,1,PM2.5,0.521991808
2018,2,PM2.5,9.034897408
2018,3,PM2.5,53.792980992
2018,4,PM2.5,46.98537984
2018,5,PM2.5,6.160265216
2018,6,PM2.5,3.289739008
2018,7,PM2.5,0.825330432
2018,8,PM2.5,1.657903744
2018,9,PM2.5,5.252542464
2018,10,PM2.5,4.800782336
2018,11,PM2.5,2.117325696
2018,12,PM2.5,0.770489984
2018,1,OC,0.384427168
2018,2,OC,6.591171584
2018,3,OC,37.064126464
2018,4,OC,32.456085504
2018,5,OC,3.850184192
2018,6,OC,1.842664576
2018,7,OC,0.452999968
2018,8,OC,1.0474816
2018,9,OC,3.395251456
2018,10,OC,3.102856448
2018,11,OC,1.377481984
2018,12,OC,0.545654336
2018,1,BC,0.018586244
2018,2,BC,0.322623232
2018,3,BC,1.923092352
2018,4,BC,1.652780544
2018,5,BC,0.210944032
2018,6,BC,0.159634416
2018,7,BC,0.039807924
2018,8,BC,0.069451968
2018,9,BC,0.201231104
2018,10,BC,0.168407072
2018,11,BC,0.081019408
2018,12,BC,0.02858793
2018,1,NOx,0.090175744
2018,2,NOx,1.605501824
2018,3,NOx,10.616296448
2018,4,NOx,8.877155328
2018,5,NOx,1.254790656
2018,6,NOx,1.413548544
2018,7,NOx,0.356924512
2018,8,NOx,0.507523616
2018,9,NOx,1.314066432
2018,10,NOx,0.982266048
2018,11,NOx,0.527453792
2018,12,NOx,0.159994672
2019,1,CO,33.021032448
2019,2,CO,298.82417152
2019,3,CO,232.115519488
2019,4,CO,150.211919872
2019,5,CO,26.448482304
2019,6,CO,27.977129984
2019,7,CO,15.374150656
2019,8,CO,8.024871936
2019,9,CO,19.352481792
2019,10,CO,56.532791296
2019,11,CO,26.561294336
2019,12,CO,0.650164416
2019,1,PM2.5,6.904346624
2019,2,PM2.5,59.868356608
2019,3,PM2.5,45.9675648
2019,4,PM2.5,25.953032192
2019,5,PM2.5,3.93801216
2019,6,PM2.5,3.66217728
2019,7,PM2.5,1.950387328
2019,8,PM2.5,1.10605376
2019,9,PM2.5,3.268040448
2019,10,PM2.5,8.616270848
2019,11,PM2.5,5.217209344
2019,12,PM2.5,0.143224064
2019,1,OC,5.01732864
2019,2,OC,42.45450752
2019,3,OC,32.438339584
2019,4,OC,16.7419648
2019,5,OC,2.310743296
2019,6,OC,2.095704192
2019,7,OC,1.119216384
2019,8,OC,0.649207936
2019,9,OC,2.166169856
2019,10,OC,5.57286144
2019,11,OC,3.614613504
2019,12,OC,0.106366848
2019,1,BC,0.246282624
2019,2,BC,2.173368576
2019,3,BC,1.70042176
2019,4,BC,0.983668672
2019,5,BC,0.178008272
2019,6,BC,0.16948568
2019,7,BC,0.09628604
2019,8,BC,0.049547568
2019,9,BC,0.12923864
2019,10,BC,0.344247328
2019,11,BC,0.183265824
2019,12,BC,0.0050201665
2019,1,NOx,1.230463232
2019,2,NOx,11.679878144
2019,3,NOx,9.477443584
2019,4,NOx,6.412711936
2019,5,NOx,1.468792704
2019,6,NOx,1.440069504
2019,7,NOx,0.849479488
2019,8,NOx,0.405413056
2019,9,NOx,0.849978112
2019,10,NOx,2.357014784
2019,11,NOx,0.974249152
2019,12,NOx,0.023248568
2020,1,CO,6.833918464
2020,2,CO,13.090495488
2020,3,CO,180.944306176
2020,4,CO,403.393282048
2020,5,CO,40.745299968
2020,6,CO,18.083547136
2020,7,CO,22.5641984
2020,8,CO,9.620000768
2020,9,CO,8.707037184
2020,10,CO,46.942683136
2020,11,CO,14.538478592
2020,12,CO,2.228011264
2020,1,PM2.5,1.504747776
2020,2,PM2.5,2.764444928
2020,3,PM2.5,34.691977216
2020,4,PM2.5,83.234930688
2020,5,PM2.5,6.761161728
2020,6,PM2.5,2.858352896
2020,7,PM2.5,3.171232512
2020,8,PM2.5,1.580164608
2020,9,PM2.5,1.505484544
2020,10,PM2.5,6.611933184
2020,11,PM2.5,2.993909248
2020,12,PM2.5,0.42001136
2020,1,OC,1.116941184
2020,2,OC,2.022843008
2020,3,OC,23.810166784
2020,4,OC,59.956699136
2020,5,OC,4.535735296
2020,6,OC,1.837290752
2020,7,OC,1.965942272
2020,8,OC,1.03940896
2020,9,OC,1.00314272
2020,10,OC,4.011308032
2020,11,OC,2.159648256
2020,12,OC,0.295003232
2020,1,BC,0.052794712
2020,2,BC,0.099593224
2020,3,BC,1.288288512
2020,4,BC,2.988242944
2020,5,BC,0.260915104
2020,6,BC,0.115311336
2020,7,BC,0.125811312
2020,8,BC,0.063756588
2020,9,BC,0.0581292
2020,10,BC,0.19816104
2020,11,BC,0.103648376
2020,12,BC,0.015579738
2020,1,NOx,0.245224192
2020,2,NOx,0.499425824
2020,3,NOx,7.537736704
2020,4,NOx,15.342035968
2020,5,NOx,1.6423232
2020,6,NOx,0.79979648
2020,7,NOx,0.887386304
2020,8,NOx,0.431917888
2020,9,NOx,0.370072736
2020,10,NOx,1.00417824
2020,11,NOx,0.509889184
2020,12,NOx,0.087744976
2021,1,CO,0.172708064
2021,2,CO,17.01424128
2021,3,CO,84.24046592
2021,4,CO,368.638132224
2021,5,CO,14.412693504
2021,6,CO,30.557444096
2021,7,CO,8.0883712
2021,8,CO,13.634991104
2021,9,CO,13.928655872
2021,10,CO,66.87281152
2021,11,CO,2.979889664
2021,12,CO,0.361677696
2021,1,PM2.5,0.0382395
2021,2,PM2.5,3.67291904
2021,3,PM2.5,15.221536768
2021,4,PM2.5,77.417201664
2021,5,PM2.5,2.7220288
2021,6,PM2.5,3.56588416
2021,7,PM2.5,1.085302784
2021,8,PM2.5,2.028346752
2021,9,PM2.5,2.042536576
2021,10,PM2.5,9.052430336
2021,11,PM2.5,0.487045344
2021,12,PM2.5,0.063297808
2021,1,OC,0.028427496
2021,2,OC,2.709170688
2021,3,OC,10.073823232
2021,4,OC,56.099516416
2021,5,OC,1.899294848
2021,6,OC,1.909018624
2021,7,OC,0.655907712
2021,8,OC,1.19576128
2021,9,OC,1.285353728
2021,10,OC,5.455638016
2021,11,OC,0.31210112
2021,12,OC,0.04392412
2021,1,BC,0.001337782125
2021,2,BC,0.129627728
2021,3,BC,0.547776128
2021,4,BC,2.735237888
2021,5,BC,0.104822736
2021,6,BC,0.177688576
2021,7,BC,0.04904546
2021,8,BC,0.07424792
2021,9,BC,0.08019088
2021,10,BC,0.291844352
2021,11,BC,0.017724328
2021,12,BC,0.00249498775
2021,1,NOx,0.006159141
2021,2,NOx,0.61749408
2021,3,NOx,3.256819712
2021,4,NOx,13.524903936
2021,5,NOx,0.626428288
2021,6,NOx,1.64518912
2021,7,NOx,0.39505056
2021,8,NOx,0.51608512
2021,9,NOx,0.552719744
2021,10,NOx,1.67331968
2021,11,NOx,0.11109448
2021,12,NOx,0.015465341
2022,1,CO,1.01914432
2022,2,CO,5.569394176
2022,3,CO,19.412789248
2022,4,CO,401.394368512
2022,5,CO,49.866334208
2022,6,CO,12.400223232
2022,7,CO,11.694548992
2022,8,CO,12.937227264
2022,9,CO,11.39744768
2022,10,CO,79.88916224
2022,11,CO,51.241209856
2022,12,CO,0.48803936
2022,1,PM2.5,0.22490008
2022,2,PM2.5,1.107147392
2022,3,PM2.5,3.313743104
2022,4,PM2.5,81.282236416
2022,5,PM2.5,9.808920576
2022,6,PM2.5,1.65376192
2022,7,PM2.5,1.662866944
2022,8,PM2.5,1.787263744
2022,9,PM2.5,1.833519104
2022,10,PM2.5,12.105059328
2022,11,PM2.5,9.929979904
2022,12,PM2.5,0.108057392
2022,1,OC,0.167088704
2022,2,OC,0.78650816
2022,3,OC,2.148836096
2022,4,OC,57.439731712
2022,5,OC,6.958687232
2022,6,OC,0.993249792
2022,7,OC,1.027013376
2022,8,OC,1.035090624
2022,9,OC,1.171803904
2022,10,OC,7.577540608
2022,11,OC,7.030347776
2022,12,OC,0.080330576
2022,1,BC,0.007877242
2022,2,BC,0.039718668
2022,3,BC,0.13002328
2022,4,BC,2.87276288
2022,5,BC,0.365453984
2022,6,BC,0.071803904
2022,7,BC,0.073616896
2022,8,BC,0.079484824
2022,9,BC,0.074712248
2022,10,BC,0.447868192
2022,11,BC,0.362770848
2022,12,BC,0.00378031225
2022,1,NOx,0.036398228
2022,2,NOx,0.208853056
2022,3,NOx,0.873482048
2022,4,NOx,14.893005824
2022,5,NOx,2.03896
2022,6,NOx,0.563400064
2022,7,NOx,0.574775488
2022,8,NOx,0.654895936
2022,9,NOx,0.527642656
2022,10,NOx,2.934159616
2022,11,NOx,1.972814336
2022,12,NOx,0.017404532
